{"base_link_offset": [-0.000330999493598938, -0.00729350745677948, 0.23348650336265564], "bbox_size": [0.4751400053501129, 0.4996030032634735, 0.727304995059967]}