{"base_link_offset": [-0.0010354965925216675, -0.0015374980866909027, -0.012784510850906372], "bbox_size": [0.7873649895191193, 0.1455250009894371, 1.8200690150260925]}