{"base_link_offset": [-0.007515504956245422, -0.0038099996745586395, -0.116784006357193], "bbox_size": [0.31112900376319885, 0.047228001058101654, 0.9499379992485046]}