{"base_link_offset": [0.0, -0.042258501052856445, -0.0022775009274482727], "bbox_size": [0.8803899884223938, 0.3374069929122925, 0.34394700825214386]}