{"base_link_offset": [-0.000532001256942749, 0.028719499707221985, -0.14244753122329712], "bbox_size": [0.6708580255508423, 0.6708690226078033, 1.9674030542373657]}