{"base_link_offset": [0.007949024438858032, -0.2713566010945893, -0.19754824494586987], "bbox_size": [1.2786080079078677, 0.9933991977679445, 0.10406351949241557]}