{"base_link_offset": [0.02332150936126709, -0.0003155004233121872, 0.0011284947395324707], "bbox_size": [2.1223509311676025, 0.05609700083732605, 1.326287031173706]}