{"base_link_offset": [0.01777350902557373, -9.800493717193604e-05, -0.0806485004723072], "bbox_size": [0.8936190009117126, 0.373198002576828, 0.25814100354909897]}