{"base_link_offset": [0.0003960058093070984, -0.01686350256204605, 0.0010859966278076172], "bbox_size": [0.4902520030736923, 0.18030700087547302, 0.8594779968261719]}