{"base_link_offset": [-0.021846473217010498, 0.0671674981713295, 0.018103480339050293], "bbox_size": [1.6539469957351685, 0.41149698197841644, 1.1979550123214722]}