{"base_link_offset": [-0.00011099874973297119, 0.017851009964942932, -0.08958250284194946], "bbox_size": [0.42100200057029724, 0.7900899946689606, 1.7338030338287354]}